{
  "best_model": "Ensemble_Final",
  "test_rmse": 0.9689782512457341,
  "test_mae": 0.7717256416350093,
  "test_r2": 0.6226810944214527,
  "train_date": "2025-11-15T21:30:02.296063",
  "train_samples": 3308,
  "test_samples": 570
}