{
  "best_model": "Ensemble_Final",
  "test_rmse": 0.968978251245734,
  "test_mae": 0.7717256416350088,
  "test_r2": 0.6226810944214529,
  "train_date": "2025-11-14T00:19:52.145060",
  "train_samples": 3308,
  "test_samples": 570
}